,0,1,2,3,4,5,6,7
0,3/31/2023,1:19:06,PM,ROWS,0,Column,0,SBBBBBC
1,3/31/2023,1:19:06,PM,ROWS,0,Column,0,SBBBBBC
2,3/31/2023,1:19:06,PM,ROWS,0,Column,1,SBBBBBD
3,3/31/2023,1:19:06,PM,ROWS,0,Column,2,SBBBBBF
4,3/31/2023,1:19:06,PM,ROWS,0,Column,3,SBBBBBG
6,3/31/2023,1:19:06,PM,ROWS,0,Column,5,SBBBBBJ
7,3/31/2023,1:19:06,PM,ROWS,0,Column,6,SBBBBBK
8,3/31/2023,1:19:06,PM,ROWS,0,Column,7,SBBBBBL
9,3/31/2023,1:19:06,PM,ROWS,0,Column,8,SBBBBBM
10,3/31/2023,1:19:06,PM,ROWS,0,Column,9,SBBBBBN
11,3/31/2023,1:19:06,PM,ROWS,1,Column,0,SBBBBBP
12,3/31/2023,1:19:06,PM,ROWS,1,Column,1,SBBBBBR
13,3/31/2023,1:19:06,PM,ROWS,1,Column,2,SBBBBBS
14,3/31/2023,1:19:06,PM,ROWS,1,Column,3,SBBBBBT
15,3/31/2023,1:19:06,PM,ROWS,1,Column,4,SBBBBBV
16,3/31/2023,1:19:06,PM,ROWS,1,Column,5,SBBBBBW
17,3/31/2023,1:19:06,PM,ROWS,1,Column,6,SBBBBBZ
18,3/31/2023,1:19:06,PM,ROWS,1,Column,7,SBBBBB0
19,3/31/2023,1:19:06,PM,ROWS,1,Column,8,SBBBBB1
20,3/31/2023,1:19:06,PM,ROWS,0,Column,1,SBBBBBD
21,3/31/2023,1:19:06,PM,ROWS,1,Column,9,SBBBBB2
22,3/31/2023,1:19:06,PM,ROWS,2,Column,0,SBBBBB3
23,3/31/2023,1:19:06,PM,ROWS,2,Column,1,SBBBBB4
24,3/31/2023,1:19:06,PM,ROWS,2,Column,2,SBBBBB5
25,3/31/2023,1:19:06,PM,ROWS,2,Column,3,SBBBBB6
26,3/31/2023,1:19:06,PM,ROWS,2,Column,4,SBBBBB7
27,3/31/2023,1:19:06,PM,ROWS,2,Column,5,SBBBBB8
28,3/31/2023,1:19:06,PM,ROWS,2,Column,6,SBBBBB9
29,3/31/2023,1:19:06,PM,ROWS,2,Column,7,SBBBBCB
30,3/31/2023,1:19:06,PM,ROWS,2,Column,8,SBBBBCC
31,3/31/2023,1:19:06,PM,ROWS,2,Column,9,SBBBBCD
32,3/31/2023,1:19:06,PM,ROWS,3,Column,0,SBBBBCF
33,3/31/2023,1:19:06,PM,ROWS,3,Column,1,SBBBBCG
34,3/31/2023,1:19:06,PM,ROWS,3,Column,2,SBBBBCH
35,3/31/2023,1:19:06,PM,ROWS,3,Column,3,SBBBBCJ
36,3/31/2023,1:19:06,PM,ROWS,3,Column,4,SBBBBCK
37,3/31/2023,1:19:06,PM,ROWS,3,Column,5,SBBBBCL
38,3/31/2023,1:19:06,PM,ROWS,3,Column,6,SBBBBCM
39,3/31/2023,1:19:06,PM,ROWS,3,Column,7,SBBBBCN
40,3/31/2023,1:19:06,PM,ROWS,3,Column,8,SBBBBCP
41,3/31/2023,1:19:06,PM,ROWS,3,Column,9,SBBBBCR
42,3/31/2023,1:19:06,PM,ROWS,4,Column,0,SBBBBCS
43,3/31/2023,1:19:06,PM,ROWS,4,Column,1,SBBBBCT
44,3/31/2023,1:19:06,PM,ROWS,4,Column,2,SBBBBCV
45,3/31/2023,1:19:06,PM,ROWS,4,Column,3,SBBBBCW
46,3/31/2023,1:19:06,PM,ROWS,4,Column,4,SBBBBCZ
47,3/31/2023,1:19:06,PM,ROWS,4,Column,5,SBBBBC0
48,3/31/2023,1:19:06,PM,ROWS,4,Column,6,SBBBBC1
49,3/31/2023,1:19:06,PM,ROWS,4,Column,7,SBBBBC2
50,3/31/2023,1:19:06,PM,ROWS,4,Column,8,SBBBBC3
51,3/31/2023,1:19:06,PM,ROWS,4,Column,9,SBBBBC4
52,3/31/2023,1:19:06,PM,ROWS,5,Column,0,SBBBBC5
53,3/31/2023,1:19:06,PM,ROWS,5,Column,1,SBBBBC6
54,3/31/2023,1:19:06,PM,ROWS,5,Column,2,SBBBBC7
55,3/31/2023,1:19:06,PM,ROWS,5,Column,3,SBBBBC8
56,3/31/2023,1:19:06,PM,ROWS,5,Column,4,SBBBBC9
57,3/31/2023,1:19:06,PM,ROWS,5,Column,5,SBBBBDB
58,3/31/2023,1:19:06,PM,ROWS,5,Column,6,SBBBBDC
59,3/31/2023,1:19:06,PM,ROWS,5,Column,7,SBBBBDD
60,3/31/2023,1:19:06,PM,ROWS,5,Column,8,SBBBBDF
61,3/31/2023,1:19:06,PM,ROWS,5,Column,9,SBBBBDG
62,3/31/2023,1:19:06,PM,ROWS,6,Column,0,SBBBBDH
63,3/31/2023,1:19:06,PM,ROWS,6,Column,1,SBBBBDJ
64,3/31/2023,1:19:06,PM,ROWS,6,Column,2,SBBBBDK
65,3/31/2023,1:19:06,PM,ROWS,6,Column,3,SBBBBDL
66,3/31/2023,1:19:06,PM,ROWS,6,Column,4,SBBBBDM
67,3/31/2023,1:19:06,PM,ROWS,6,Column,5,SBBBBDN
68,3/31/2023,1:19:06,PM,ROWS,6,Column,6,SBBBBDP
69,3/31/2023,1:19:06,PM,ROWS,6,Column,7,SBBBBDR
70,3/31/2023,1:19:06,PM,ROWS,6,Column,8,SBBBBDS
71,3/31/2023,1:19:06,PM,ROWS,6,Column,9,SBBBBDT
72,3/31/2023,1:19:06,PM,ROWS,7,Column,0,SBBBBDV
73,3/31/2023,1:19:06,PM,ROWS,7,Column,1,SBBBBDW
74,3/31/2023,1:19:06,PM,ROWS,7,Column,2,SBBBBDZ
75,3/31/2023,1:19:06,PM,ROWS,7,Column,3,SBBBBD0
76,3/31/2023,1:19:06,PM,ROWS,7,Column,4,SBBBBD1
77,3/31/2023,1:19:06,PM,ROWS,7,Column,5,SBBBBD2
78,3/31/2023,1:19:06,PM,ROWS,7,Column,6,SBBBBD3
79,3/31/2023,1:19:06,PM,ROWS,7,Column,7,SBBBBD4
80,3/31/2023,1:19:06,PM,ROWS,7,Column,8,SBBBBD5
81,3/31/2023,1:19:06,PM,ROWS,7,Column,9,SBBBBD6
82,3/31/2023,1:19:45,PM,ROWS,0,Column,0,SBBBBFL
83,3/31/2023,1:19:45,PM,ROWS,0,Column,1,SBBBBFM
84,3/31/2023,1:19:45,PM,ROWS,0,Column,2,SBBBBFN
85,3/31/2023,1:19:45,PM,ROWS,0,Column,3,SBBBBFP
86,3/31/2023,1:19:45,PM,ROWS,0,Column,4,SBBBBFR
87,3/31/2023,1:19:45,PM,ROWS,0,Column,5,SBBBBFS
88,3/31/2023,1:19:45,PM,ROWS,0,Column,6,SBBBBFT
89,3/31/2023,1:19:45,PM,ROWS,0,Column,7,SBBBBFV
90,3/31/2023,1:19:45,PM,ROWS,0,Column,8,SBBBBFW
91,3/31/2023,1:19:45,PM,ROWS,0,Column,9,SBBBBFZ
92,3/31/2023,1:19:45,PM,ROWS,1,Column,0,SBBBBF0
93,3/31/2023,1:19:45,PM,ROWS,1,Column,1,SBBBBF1
94,3/31/2023,1:19:45,PM,ROWS,1,Column,2,SBBBBF2
95,3/31/2023,1:19:45,PM,ROWS,1,Column,3,SBBBBF3
96,3/31/2023,1:19:45,PM,ROWS,1,Column,4,SBBBBF4
97,3/31/2023,1:19:45,PM,ROWS,1,Column,5,SBBBBF5
98,3/31/2023,1:19:45,PM,ROWS,1,Column,6,SBBBBF6
99,3/31/2023,1:19:45,PM,ROWS,1,Column,7,SBBBBF7
100,3/31/2023,1:19:45,PM,ROWS,1,Column,8,SBBBBF8
101,3/31/2023,1:19:45,PM,ROWS,1,Column,9,SBBBBF9
102,3/31/2023,1:19:45,PM,ROWS,2,Column,0,SBBBBGB
103,3/31/2023,1:19:45,PM,ROWS,2,Column,1,SBBBBGC
104,3/31/2023,1:19:45,PM,ROWS,2,Column,2,SBBBBGD
105,3/31/2023,1:19:45,PM,ROWS,2,Column,3,SBBBBGF
106,3/31/2023,1:19:45,PM,ROWS,2,Column,4,SBBBBGG
107,3/31/2023,1:19:45,PM,ROWS,2,Column,5,SBBBBGH
108,3/31/2023,1:19:45,PM,ROWS,2,Column,6,SBBBBGJ
109,3/31/2023,1:19:45,PM,ROWS,2,Column,7,SBBBBGK
110,3/31/2023,1:19:45,PM,ROWS,2,Column,8,SBBBBGL
111,3/31/2023,1:19:45,PM,ROWS,2,Column,9,SBBBBGM
112,3/31/2023,1:19:45,PM,ROWS,3,Column,0,SBBBBGN
113,3/31/2023,1:19:45,PM,ROWS,3,Column,1,SBBBBGP
114,3/31/2023,1:19:45,PM,ROWS,3,Column,2,SBBBBGR
115,3/31/2023,1:19:45,PM,ROWS,3,Column,3,SBBBBGS
116,3/31/2023,1:19:45,PM,ROWS,3,Column,4,SBBBBGT
117,3/31/2023,1:19:45,PM,ROWS,3,Column,5,SBBBBGV
118,3/31/2023,1:19:45,PM,ROWS,3,Column,6,SBBBBGW
119,3/31/2023,1:19:45,PM,ROWS,3,Column,7,SBBBBGZ
120,3/31/2023,1:19:45,PM,ROWS,3,Column,8,SBBBBG0
121,3/31/2023,1:19:45,PM,ROWS,3,Column,9,SBBBBG1
122,3/31/2023,1:19:45,PM,ROWS,4,Column,0,SBBBBG2
123,3/31/2023,1:19:45,PM,ROWS,4,Column,1,SBBBBG3
124,3/31/2023,1:19:45,PM,ROWS,4,Column,2,SBBBBG4
125,3/31/2023,1:19:45,PM,ROWS,4,Column,3,SBBBBG5
126,3/31/2023,1:19:45,PM,ROWS,4,Column,4,SBBBBG6
127,3/31/2023,1:19:45,PM,ROWS,4,Column,5,SBBBBG7
128,3/31/2023,1:19:45,PM,ROWS,4,Column,6,SBBBBG8
129,3/31/2023,1:19:45,PM,ROWS,4,Column,7,SBBBBG9
130,3/31/2023,1:19:45,PM,ROWS,4,Column,8,SBBBBHB
131,3/31/2023,1:19:45,PM,ROWS,4,Column,9,SBBBBHC
132,3/31/2023,1:19:45,PM,ROWS,5,Column,0,SBBBBHD
133,3/31/2023,1:19:45,PM,ROWS,5,Column,1,SBBBBHF
134,3/31/2023,1:19:45,PM,ROWS,5,Column,2,SBBBBHG
135,3/31/2023,1:19:45,PM,ROWS,5,Column,3,SBBBBHH
136,3/31/2023,1:19:45,PM,ROWS,5,Column,4,SBBBBHJ
137,3/31/2023,1:19:45,PM,ROWS,5,Column,5,SBBBBHK
138,3/31/2023,1:19:45,PM,ROWS,5,Column,6,SBBBBHL
139,3/31/2023,1:19:45,PM,ROWS,5,Column,7,SBBBBHM
140,3/31/2023,1:19:45,PM,ROWS,5,Column,8,SBBBBHN
141,3/31/2023,1:19:45,PM,ROWS,5,Column,9,SBBBBHP
142,3/31/2023,1:19:45,PM,ROWS,6,Column,0,SBBBBHR
143,3/31/2023,1:19:45,PM,ROWS,6,Column,1,SBBBBHS
144,3/31/2023,1:19:45,PM,ROWS,6,Column,2,SBBBBHT
145,3/31/2023,1:19:45,PM,ROWS,6,Column,3,SBBBBHV
146,3/31/2023,1:19:45,PM,ROWS,6,Column,4,SBBBBHW
147,3/31/2023,1:19:45,PM,ROWS,6,Column,5,SBBBBHZ
148,3/31/2023,1:19:45,PM,ROWS,6,Column,6,SBBBBH0
149,3/31/2023,1:19:45,PM,ROWS,6,Column,7,SBBBBH1
150,3/31/2023,1:19:45,PM,ROWS,6,Column,8,SBBBBH2
151,3/31/2023,1:19:45,PM,ROWS,6,Column,9,SBBBBH3
152,3/31/2023,1:19:45,PM,ROWS,7,Column,0,SBBBBH4
153,3/31/2023,1:19:45,PM,ROWS,7,Column,1,SBBBBH5
154,3/31/2023,1:19:45,PM,ROWS,7,Column,2,SBBBBH6
155,3/31/2023,1:19:45,PM,ROWS,7,Column,3,SBBBBH7
156,3/31/2023,1:19:45,PM,ROWS,7,Column,4,SBBBBH8
157,3/31/2023,1:19:45,PM,ROWS,7,Column,5,SBBBBH9
158,3/31/2023,1:19:45,PM,ROWS,7,Column,6,SBBBBJB
159,3/31/2023,1:19:45,PM,ROWS,7,Column,7,SBBBBJC
160,3/31/2023,1:19:45,PM,ROWS,7,Column,8,SBBBBJD
161,3/31/2023,1:19:45,PM,ROWS,7,Column,9,SBBBBJF
162,3/31/2023,1:20:19,PM,ROWS,0,Column,0,SBBBBJV
163,3/31/2023,1:20:19,PM,ROWS,0,Column,1,SBBBBJW
164,3/31/2023,1:20:19,PM,ROWS,0,Column,2,SBBBBJZ
165,3/31/2023,1:20:19,PM,ROWS,0,Column,3,SBBBBJ0
166,3/31/2023,1:20:19,PM,ROWS,0,Column,4,SBBBBJ1
167,3/31/2023,1:20:19,PM,ROWS,0,Column,5,SBBBBJ2
168,3/31/2023,1:20:19,PM,ROWS,0,Column,6,SBBBBJ3
169,3/31/2023,1:20:19,PM,ROWS,0,Column,7,SBBBBJ4
170,3/31/2023,1:20:19,PM,ROWS,0,Column,8,SBBBBJ5
171,3/31/2023,1:20:19,PM,ROWS,0,Column,9,SBBBBJ6
172,3/31/2023,1:20:19,PM,ROWS,1,Column,0,SBBBBJ7
173,3/31/2023,1:20:19,PM,ROWS,1,Column,1,SBBBBJ8
174,3/31/2023,1:20:19,PM,ROWS,1,Column,2,SBBBBJ9
175,3/31/2023,1:20:19,PM,ROWS,1,Column,3,SBBBBKB
176,3/31/2023,1:20:19,PM,ROWS,1,Column,4,SBBBBKC
177,3/31/2023,1:20:19,PM,ROWS,1,Column,5,SBBBBKD
178,3/31/2023,1:20:19,PM,ROWS,1,Column,6,SBBBBKF
179,3/31/2023,1:20:19,PM,ROWS,1,Column,7,SBBBBKG
180,3/31/2023,1:20:19,PM,ROWS,1,Column,8,SBBBBKH
181,3/31/2023,1:20:19,PM,ROWS,1,Column,9,SBBBBKJ
182,3/31/2023,1:20:19,PM,ROWS,2,Column,0,SBBBBKK
183,3/31/2023,1:20:19,PM,ROWS,2,Column,1,SBBBBKL
184,3/31/2023,1:20:19,PM,ROWS,2,Column,2,SBBBBKM
185,3/31/2023,1:20:19,PM,ROWS,2,Column,3,SBBBBKN
186,3/31/2023,1:20:19,PM,ROWS,2,Column,4,SBBBBKP
187,3/31/2023,1:20:19,PM,ROWS,2,Column,5,SBBBBKR
188,3/31/2023,1:20:19,PM,ROWS,2,Column,6,SBBBBKS
189,3/31/2023,1:20:19,PM,ROWS,2,Column,7,SBBBBKT
190,3/31/2023,1:20:19,PM,ROWS,2,Column,8,SBBBBKV
191,3/31/2023,1:20:19,PM,ROWS,2,Column,9,SBBBBKW
192,3/31/2023,1:20:19,PM,ROWS,3,Column,0,SBBBBKZ
193,3/31/2023,1:20:19,PM,ROWS,3,Column,1,SBBBBK0
194,3/31/2023,1:20:19,PM,ROWS,3,Column,2,SBBBBK1
195,3/31/2023,1:20:19,PM,ROWS,3,Column,3,SBBBBK2
196,3/31/2023,1:20:19,PM,ROWS,3,Column,4,SBBBBK3
197,3/31/2023,1:20:19,PM,ROWS,3,Column,5,SBBBBK4
198,3/31/2023,1:20:19,PM,ROWS,3,Column,6,SBBBBK5
199,3/31/2023,1:20:19,PM,ROWS,3,Column,7,SBBBBK6
200,3/31/2023,1:20:19,PM,ROWS,3,Column,8,SBBBBK7
201,3/31/2023,1:20:19,PM,ROWS,3,Column,9,SBBBBK8
202,3/31/2023,1:20:19,PM,ROWS,4,Column,0,SBBBBK9
203,3/31/2023,1:20:19,PM,ROWS,4,Column,1,SBBBBLB
204,3/31/2023,1:20:19,PM,ROWS,4,Column,2,SBBBBLC
205,3/31/2023,1:20:19,PM,ROWS,4,Column,3,SBBBBLD
206,3/31/2023,1:20:19,PM,ROWS,4,Column,4,SBBBBLF
207,3/31/2023,1:20:19,PM,ROWS,4,Column,5,SBBBBLG
208,3/31/2023,1:20:19,PM,ROWS,4,Column,6,SBBBBLH
209,3/31/2023,1:20:19,PM,ROWS,4,Column,7,SBBBBLJ
210,3/31/2023,1:20:19,PM,ROWS,4,Column,8,SBBBBLK
211,3/31/2023,1:20:19,PM,ROWS,4,Column,9,SBBBBLL
212,3/31/2023,1:20:20,PM,ROWS,5,Column,0,SBBBBLM
213,3/31/2023,1:20:20,PM,ROWS,5,Column,1,SBBBBLN
214,3/31/2023,1:20:20,PM,ROWS,5,Column,2,SBBBBLP
215,3/31/2023,1:20:20,PM,ROWS,5,Column,3,SBBBBLR
216,3/31/2023,1:20:20,PM,ROWS,5,Column,4,SBBBBLS
217,3/31/2023,1:20:20,PM,ROWS,5,Column,5,SBBBBLT
218,3/31/2023,1:20:20,PM,ROWS,5,Column,6,SBBBBLV
219,3/31/2023,1:20:20,PM,ROWS,5,Column,7,SBBBBLW
220,3/31/2023,1:20:20,PM,ROWS,5,Column,8,SBBBBLZ
221,3/31/2023,1:20:20,PM,ROWS,5,Column,9,SBBBBL0
222,3/31/2023,1:20:20,PM,ROWS,6,Column,0,SBBBBL1
223,3/31/2023,1:20:20,PM,ROWS,6,Column,1,SBBBBL2
224,3/31/2023,1:20:20,PM,ROWS,6,Column,2,SBBBBL3
225,3/31/2023,1:20:20,PM,ROWS,6,Column,3,SBBBBL4
226,3/31/2023,1:20:20,PM,ROWS,6,Column,4,SBBBBL5
227,3/31/2023,1:20:20,PM,ROWS,6,Column,5,SBBBBL6
228,3/31/2023,1:20:20,PM,ROWS,6,Column,6,SBBBBL7
229,3/31/2023,1:20:20,PM,ROWS,6,Column,7,SBBBBL8
230,3/31/2023,1:20:20,PM,ROWS,6,Column,8,SBBBBL9
231,3/31/2023,1:20:20,PM,ROWS,6,Column,9,SBBBBMB
232,3/31/2023,1:20:20,PM,ROWS,7,Column,0,SBBBBMC
233,3/31/2023,1:20:20,PM,ROWS,7,Column,1,SBBBBMD
234,3/31/2023,1:20:20,PM,ROWS,7,Column,2,SBBBBMF
235,3/31/2023,1:20:20,PM,ROWS,7,Column,3,SBBBBMG
236,3/31/2023,1:20:20,PM,ROWS,7,Column,4,SBBBBMH
237,3/31/2023,1:20:20,PM,ROWS,7,Column,5,SBBBBMJ
238,3/31/2023,1:20:20,PM,ROWS,7,Column,6,SBBBBMK
239,3/31/2023,1:20:20,PM,ROWS,7,Column,7,SBBBBML
240,3/31/2023,1:20:20,PM,ROWS,7,Column,8,SBBBBMM
241,3/31/2023,1:20:20,PM,ROWS,7,Column,9,SBBBBMN
242,3/31/2023,1:22:15,PM,ROWS,0,Column,0,SBBBBWL
243,3/31/2023,1:22:15,PM,ROWS,0,Column,1,SBBBBWM
244,3/31/2023,1:22:15,PM,ROWS,0,Column,2,SBBBBWN
245,3/31/2023,1:22:15,PM,ROWS,0,Column,3,SBBBBWP
246,3/31/2023,1:22:15,PM,ROWS,0,Column,4,SBBBBWR
247,3/31/2023,1:22:15,PM,ROWS,0,Column,5,SBBBBWS
248,3/31/2023,1:22:15,PM,ROWS,0,Column,6,SBBBBWT
249,3/31/2023,1:22:15,PM,ROWS,0,Column,7,SBBBBWV
250,3/31/2023,1:22:15,PM,ROWS,0,Column,8,SBBBBWW
251,3/31/2023,1:22:15,PM,ROWS,0,Column,9,SBBBBWZ
252,3/31/2023,1:22:15,PM,ROWS,1,Column,0,SBBBBW0
253,3/31/2023,1:22:15,PM,ROWS,1,Column,1,SBBBBW1
254,3/31/2023,1:22:15,PM,ROWS,1,Column,2,SBBBBW2
255,3/31/2023,1:22:15,PM,ROWS,1,Column,3,SBBBBW3
256,3/31/2023,1:22:15,PM,ROWS,1,Column,4,SBBBBW4
257,3/31/2023,1:22:15,PM,ROWS,1,Column,5,SBBBBW5
258,3/31/2023,1:22:15,PM,ROWS,1,Column,6,SBBBBW6
259,3/31/2023,1:22:15,PM,ROWS,1,Column,7,SBBBBW7
260,3/31/2023,1:22:15,PM,ROWS,1,Column,8,SBBBBW8
261,3/31/2023,1:22:15,PM,ROWS,1,Column,9,SBBBBW9
262,3/31/2023,1:22:15,PM,ROWS,2,Column,0,SBBBBZB
263,3/31/2023,1:22:15,PM,ROWS,2,Column,1,SBBBBZC
264,3/31/2023,1:22:15,PM,ROWS,2,Column,2,SBBBBZD
265,3/31/2023,1:22:15,PM,ROWS,2,Column,3,SBBBBZF
266,3/31/2023,1:22:15,PM,ROWS,2,Column,4,SBBBBZG
267,3/31/2023,1:22:15,PM,ROWS,2,Column,5,SBBBBZH
268,3/31/2023,1:22:15,PM,ROWS,2,Column,6,SBBBBZJ
269,3/31/2023,1:22:15,PM,ROWS,2,Column,7,SBBBBZK
270,3/31/2023,1:22:15,PM,ROWS,2,Column,8,SBBBBZL
271,3/31/2023,1:22:15,PM,ROWS,2,Column,9,SBBBBZM
272,3/31/2023,1:22:15,PM,ROWS,3,Column,0,SBBBBZN
273,3/31/2023,1:22:15,PM,ROWS,3,Column,1,SBBBBZP
274,3/31/2023,1:22:15,PM,ROWS,3,Column,2,SBBBBZR
275,3/31/2023,1:22:15,PM,ROWS,3,Column,3,SBBBBZS
276,3/31/2023,1:22:15,PM,ROWS,3,Column,4,SBBBBZT
277,3/31/2023,1:22:15,PM,ROWS,3,Column,5,SBBBBZV
278,3/31/2023,1:22:15,PM,ROWS,3,Column,6,SBBBBZW
279,3/31/2023,1:22:15,PM,ROWS,3,Column,7,SBBBBZZ
280,3/31/2023,1:22:15,PM,ROWS,3,Column,8,SBBBBZ0
281,3/31/2023,1:22:15,PM,ROWS,3,Column,9,SBBBBZ1
282,3/31/2023,1:22:15,PM,ROWS,4,Column,0,SBBBBZ2
283,3/31/2023,1:22:15,PM,ROWS,4,Column,1,SBBBBZ3
284,3/31/2023,1:22:15,PM,ROWS,4,Column,2,SBBBBZ4
285,3/31/2023,1:22:15,PM,ROWS,4,Column,3,SBBBBZ5
286,3/31/2023,1:22:15,PM,ROWS,4,Column,4,SBBBBZ6
287,3/31/2023,1:22:15,PM,ROWS,4,Column,5,SBBBBZ7
288,3/31/2023,1:22:15,PM,ROWS,4,Column,6,SBBBBZ8
289,3/31/2023,1:22:15,PM,ROWS,4,Column,7,SBBBBZ9
290,3/31/2023,1:22:15,PM,ROWS,4,Column,8,SBBBB0B
291,3/31/2023,1:22:15,PM,ROWS,4,Column,9,SBBBB0C
292,3/31/2023,1:22:15,PM,ROWS,5,Column,0,SBBBB0D
293,3/31/2023,1:22:16,PM,ROWS,5,Column,1,SBBBB0F
294,3/31/2023,1:22:16,PM,ROWS,5,Column,2,SBBBB0G
295,3/31/2023,1:22:16,PM,ROWS,5,Column,3,SBBBB0H
296,3/31/2023,1:22:16,PM,ROWS,5,Column,4,SBBBB0J
297,3/31/2023,1:22:16,PM,ROWS,5,Column,5,SBBBB0K
298,3/31/2023,1:22:16,PM,ROWS,5,Column,6,SBBBB0L
299,3/31/2023,1:22:16,PM,ROWS,5,Column,7,SBBBB0M
300,3/31/2023,1:22:16,PM,ROWS,5,Column,8,SBBBB0N
301,3/31/2023,1:22:16,PM,ROWS,5,Column,9,SBBBB0P
302,3/31/2023,1:22:16,PM,ROWS,6,Column,0,SBBBB0R
303,3/31/2023,1:22:16,PM,ROWS,6,Column,1,SBBBB0S
304,3/31/2023,1:22:16,PM,ROWS,6,Column,2,SBBBB0T
305,3/31/2023,1:22:16,PM,ROWS,6,Column,3,SBBBB0V
306,3/31/2023,1:22:16,PM,ROWS,6,Column,4,SBBBB0W
307,3/31/2023,1:22:16,PM,ROWS,6,Column,5,SBBBB0Z
308,3/31/2023,1:22:16,PM,ROWS,6,Column,6,SBBBB00
309,3/31/2023,1:22:16,PM,ROWS,6,Column,7,SBBBB01
310,3/31/2023,1:22:16,PM,ROWS,6,Column,8,SBBBB02
311,3/31/2023,1:22:16,PM,ROWS,6,Column,9,SBBBB03
312,3/31/2023,1:22:16,PM,ROWS,7,Column,0,SBBBB04
313,3/31/2023,1:22:16,PM,ROWS,7,Column,1,SBBBB05
314,3/31/2023,1:22:16,PM,ROWS,7,Column,2,SBBBB06
315,3/31/2023,1:22:16,PM,ROWS,7,Column,3,SBBBB07
316,3/31/2023,1:22:16,PM,ROWS,7,Column,4,SBBBB08
317,3/31/2023,1:22:16,PM,ROWS,7,Column,5,SBBBB09
318,3/31/2023,1:22:16,PM,ROWS,7,Column,6,SBBBB1B
319,3/31/2023,1:22:16,PM,ROWS,7,Column,7,SBBBB1C
320,3/31/2023,1:22:16,PM,ROWS,7,Column,8,SBBBB1D
321,3/31/2023,1:22:16,PM,ROWS,7,Column,9,SBBBB1F
322,3/31/2023,1:22:49,PM,ROWS,0,Column,0,SBBBB1V
323,3/31/2023,1:22:49,PM,ROWS,0,Column,1,SBBBB1W
324,3/31/2023,1:22:49,PM,ROWS,0,Column,2,SBBBB1Z
325,3/31/2023,1:22:49,PM,ROWS,0,Column,3,SBBBB10
326,3/31/2023,1:22:49,PM,ROWS,0,Column,4,SBBBB11
327,3/31/2023,1:22:49,PM,ROWS,0,Column,5,SBBBB12
328,3/31/2023,1:22:49,PM,ROWS,0,Column,6,SBBBB13
329,3/31/2023,1:22:49,PM,ROWS,0,Column,7,SBBBB14
330,3/31/2023,1:22:49,PM,ROWS,0,Column,8,SBBBB15
331,3/31/2023,1:22:49,PM,ROWS,0,Column,9,SBBBB16
332,3/31/2023,1:22:49,PM,ROWS,1,Column,0,SBBBB17
333,3/31/2023,1:22:49,PM,ROWS,1,Column,1,SBBBB18
334,3/31/2023,1:22:49,PM,ROWS,1,Column,2,SBBBB19
335,3/31/2023,1:22:49,PM,ROWS,1,Column,3,SBBBB2B
336,3/31/2023,1:22:49,PM,ROWS,1,Column,4,SBBBB2C
337,3/31/2023,1:22:49,PM,ROWS,1,Column,5,SBBBB2D
338,3/31/2023,1:22:49,PM,ROWS,1,Column,6,SBBBB2F
339,3/31/2023,1:22:49,PM,ROWS,1,Column,7,SBBBB2G
340,3/31/2023,1:22:49,PM,ROWS,1,Column,8,SBBBB2H
341,3/31/2023,1:22:49,PM,ROWS,1,Column,9,SBBBB2J
342,3/31/2023,1:22:49,PM,ROWS,2,Column,0,SBBBB2K
343,3/31/2023,1:22:49,PM,ROWS,2,Column,1,SBBBB2L
344,3/31/2023,1:22:49,PM,ROWS,2,Column,2,SBBBB2M
345,3/31/2023,1:22:49,PM,ROWS,2,Column,3,SBBBB2N
346,3/31/2023,1:22:49,PM,ROWS,2,Column,4,SBBBB2P
347,3/31/2023,1:22:49,PM,ROWS,2,Column,5,SBBBB2R
348,3/31/2023,1:22:49,PM,ROWS,2,Column,6,SBBBB2S
349,3/31/2023,1:22:49,PM,ROWS,2,Column,7,SBBBB2T
350,3/31/2023,1:22:49,PM,ROWS,2,Column,8,SBBBB2V
351,3/31/2023,1:22:49,PM,ROWS,2,Column,9,SBBBB2W
352,3/31/2023,1:22:49,PM,ROWS,3,Column,0,SBBBB2Z
353,3/31/2023,1:22:49,PM,ROWS,3,Column,1,SBBBB20
354,3/31/2023,1:22:49,PM,ROWS,3,Column,2,SBBBB21
355,3/31/2023,1:22:49,PM,ROWS,3,Column,3,SBBBB22
356,3/31/2023,1:22:49,PM,ROWS,3,Column,4,SBBBB23
357,3/31/2023,1:22:49,PM,ROWS,3,Column,5,SBBBB24
358,3/31/2023,1:22:49,PM,ROWS,3,Column,6,SBBBB25
359,3/31/2023,1:22:49,PM,ROWS,3,Column,7,SBBBB26
360,3/31/2023,1:22:49,PM,ROWS,3,Column,8,SBBBB27
361,3/31/2023,1:22:49,PM,ROWS,3,Column,9,SBBBB28
362,3/31/2023,1:22:49,PM,ROWS,4,Column,0,SBBBB29
363,3/31/2023,1:22:49,PM,ROWS,4,Column,1,SBBBB3B
364,3/31/2023,1:22:49,PM,ROWS,4,Column,2,SBBBB3C
365,3/31/2023,1:22:49,PM,ROWS,4,Column,3,SBBBB3D
366,3/31/2023,1:22:49,PM,ROWS,4,Column,4,SBBBB3F
367,3/31/2023,1:22:49,PM,ROWS,4,Column,5,SBBBB3G
368,3/31/2023,1:22:49,PM,ROWS,4,Column,6,SBBBB3H
369,3/31/2023,1:22:49,PM,ROWS,4,Column,7,SBBBB3J
370,3/31/2023,1:22:49,PM,ROWS,4,Column,8,SBBBB3K
371,3/31/2023,1:22:49,PM,ROWS,4,Column,9,SBBBB3L
372,3/31/2023,1:22:49,PM,ROWS,5,Column,0,SBBBB3M
373,3/31/2023,1:22:49,PM,ROWS,5,Column,1,SBBBB3N
374,3/31/2023,1:22:49,PM,ROWS,5,Column,2,SBBBB3P
375,3/31/2023,1:22:49,PM,ROWS,5,Column,3,SBBBB3R
376,3/31/2023,1:22:49,PM,ROWS,5,Column,4,SBBBB3S
377,3/31/2023,1:22:49,PM,ROWS,5,Column,5,SBBBB3T
378,3/31/2023,1:22:49,PM,ROWS,5,Column,6,SBBBB3V
379,3/31/2023,1:22:49,PM,ROWS,5,Column,7,SBBBB3W
380,3/31/2023,1:22:49,PM,ROWS,5,Column,8,SBBBB3Z
381,3/31/2023,1:22:49,PM,ROWS,5,Column,9,SBBBB30
382,3/31/2023,1:22:49,PM,ROWS,6,Column,0,SBBBB31
383,3/31/2023,1:22:49,PM,ROWS,6,Column,1,SBBBB32
384,3/31/2023,1:22:49,PM,ROWS,6,Column,2,SBBBB33
385,3/31/2023,1:22:49,PM,ROWS,6,Column,3,SBBBB34
386,3/31/2023,1:22:49,PM,ROWS,6,Column,4,SBBBB35
387,3/31/2023,1:22:49,PM,ROWS,6,Column,5,SBBBB36
388,3/31/2023,1:22:49,PM,ROWS,6,Column,6,SBBBB37
389,3/31/2023,1:22:49,PM,ROWS,6,Column,7,SBBBB38
390,3/31/2023,1:22:49,PM,ROWS,6,Column,8,SBBBB39
391,3/31/2023,1:22:49,PM,ROWS,6,Column,9,SBBBB4B
392,3/31/2023,1:22:49,PM,ROWS,7,Column,0,SBBBB4C
393,3/31/2023,1:22:49,PM,ROWS,7,Column,1,SBBBB4D
394,3/31/2023,1:22:49,PM,ROWS,7,Column,2,SBBBB4F
395,3/31/2023,1:22:49,PM,ROWS,7,Column,3,SBBBB4G
396,3/31/2023,1:22:49,PM,ROWS,7,Column,4,SBBBB4H
397,3/31/2023,1:22:49,PM,ROWS,7,Column,5,SBBBB4J
398,3/31/2023,1:22:49,PM,ROWS,7,Column,6,SBBBB4K
399,3/31/2023,1:22:49,PM,ROWS,7,Column,7,SBBBB4L
400,3/31/2023,1:22:49,PM,ROWS,7,Column,8,SBBBB4M
401,3/31/2023,1:22:49,PM,ROWS,7,Column,9,SBBBB4N
402,3/31/2023,1:23:47,PM,ROWS,0,Column,0,SBBBB8C
403,3/31/2023,1:23:47,PM,ROWS,0,Column,1,SBBBB8D
404,3/31/2023,1:23:47,PM,ROWS,0,Column,2,SBBBB8F
405,3/31/2023,1:23:47,PM,ROWS,0,Column,3,SBBBB8G
406,3/31/2023,1:23:47,PM,ROWS,0,Column,4,SBBBB8H
407,3/31/2023,1:23:47,PM,ROWS,0,Column,5,SBBBB8J
408,3/31/2023,1:23:47,PM,ROWS,0,Column,6,SBBBB8K
409,3/31/2023,1:23:47,PM,ROWS,0,Column,7,SBBBB8L
410,3/31/2023,1:23:47,PM,ROWS,0,Column,8,SBBBB8M
411,3/31/2023,1:19:06,PM,ROWS,2,Column,0,SBBBBB3
412,3/31/2023,1:23:47,PM,ROWS,0,Column,9,SBBBB8N
413,3/31/2023,1:23:47,PM,ROWS,1,Column,0,SBBBB8P
414,3/31/2023,1:23:47,PM,ROWS,1,Column,1,SBBBB8R
415,3/31/2023,1:23:47,PM,ROWS,1,Column,2,SBBBB8S
416,3/31/2023,1:23:47,PM,ROWS,1,Column,3,SBBBB8T
417,3/31/2023,1:23:47,PM,ROWS,1,Column,4,SBBBB8V
418,3/31/2023,1:23:47,PM,ROWS,1,Column,5,SBBBB8W
419,3/31/2023,1:23:47,PM,ROWS,1,Column,6,SBBBB8Z
420,3/31/2023,1:23:47,PM,ROWS,1,Column,7,SBBBB80
421,3/31/2023,1:23:47,PM,ROWS,1,Column,8,SBBBB81
422,3/31/2023,1:23:47,PM,ROWS,1,Column,9,SBBBB82
423,3/31/2023,1:23:47,PM,ROWS,2,Column,0,SBBBB83
424,3/31/2023,1:23:47,PM,ROWS,2,Column,1,SBBBB84
425,3/31/2023,1:23:47,PM,ROWS,2,Column,2,SBBBB85
426,3/31/2023,1:23:47,PM,ROWS,2,Column,3,SBBBB86
427,3/31/2023,1:23:47,PM,ROWS,2,Column,4,SBBBB87
428,3/31/2023,1:23:47,PM,ROWS,2,Column,5,SBBBB88
429,3/31/2023,1:23:47,PM,ROWS,2,Column,6,SBBBB89
430,3/31/2023,1:23:47,PM,ROWS,2,Column,7,SBBBB9B
431,3/31/2023,1:23:47,PM,ROWS,2,Column,8,SBBBB9C
432,3/31/2023,1:23:47,PM,ROWS,2,Column,9,SBBBB9D
433,3/31/2023,1:23:47,PM,ROWS,3,Column,0,SBBBB9F
434,3/31/2023,1:23:47,PM,ROWS,3,Column,1,SBBBB9G
435,3/31/2023,1:23:47,PM,ROWS,3,Column,2,SBBBB9H
436,3/31/2023,1:23:47,PM,ROWS,3,Column,3,SBBBB9J
437,3/31/2023,1:23:47,PM,ROWS,3,Column,4,SBBBB9K
438,3/31/2023,1:23:47,PM,ROWS,3,Column,5,SBBBB9L
439,3/31/2023,1:23:47,PM,ROWS,3,Column,6,SBBBB9M
440,3/31/2023,1:23:47,PM,ROWS,3,Column,7,SBBBB9N
441,3/31/2023,1:23:47,PM,ROWS,3,Column,8,SBBBB9P
442,3/31/2023,1:23:47,PM,ROWS,3,Column,9,SBBBB9R
443,3/31/2023,1:23:47,PM,ROWS,4,Column,0,SBBBB9S
444,3/31/2023,1:23:47,PM,ROWS,4,Column,1,SBBBB9T
445,3/31/2023,1:23:47,PM,ROWS,4,Column,2,SBBBB9V
446,3/31/2023,1:23:47,PM,ROWS,4,Column,3,SBBBB9W
447,3/31/2023,1:23:47,PM,ROWS,4,Column,4,SBBBB9Z
448,3/31/2023,1:23:47,PM,ROWS,4,Column,5,SBBBB90
449,3/31/2023,1:23:47,PM,ROWS,4,Column,6,SBBBB91
450,3/31/2023,1:23:47,PM,ROWS,4,Column,7,SBBBB92
451,3/31/2023,1:23:47,PM,ROWS,4,Column,8,SBBBB93
452,3/31/2023,1:23:47,PM,ROWS,4,Column,9,SBBBB94
453,3/31/2023,1:23:47,PM,ROWS,5,Column,0,SBBBB95
454,3/31/2023,1:23:47,PM,ROWS,5,Column,1,SBBBB96
455,3/31/2023,1:23:47,PM,ROWS,5,Column,2,SBBBB97
456,3/31/2023,1:23:47,PM,ROWS,5,Column,3,SBBBB98
457,3/31/2023,1:23:47,PM,ROWS,5,Column,4,SBBBB99
458,3/31/2023,1:23:47,PM,ROWS,5,Column,5,SBBBCBB
459,3/31/2023,1:23:47,PM,ROWS,5,Column,6,SBBBCBC
460,3/31/2023,1:23:47,PM,ROWS,5,Column,7,SBBBCBD
461,3/31/2023,1:23:47,PM,ROWS,5,Column,8,SBBBCBF
462,3/31/2023,1:23:47,PM,ROWS,5,Column,9,SBBBCBG
463,3/31/2023,1:23:47,PM,ROWS,6,Column,0,SBBBCBH
464,3/31/2023,1:23:47,PM,ROWS,6,Column,1,SBBBCBJ
465,3/31/2023,1:23:47,PM,ROWS,6,Column,2,SBBBCBK
466,3/31/2023,1:23:47,PM,ROWS,6,Column,3,SBBBCBL
467,3/31/2023,1:23:47,PM,ROWS,6,Column,4,SBBBCBM
468,3/31/2023,1:23:47,PM,ROWS,6,Column,5,SBBBCBN
469,3/31/2023,1:23:47,PM,ROWS,6,Column,6,SBBBCBP
470,3/31/2023,1:23:47,PM,ROWS,6,Column,7,SBBBCBR
471,3/31/2023,1:23:47,PM,ROWS,6,Column,8,SBBBCBS
472,3/31/2023,1:23:47,PM,ROWS,6,Column,9,SBBBCBT
473,3/31/2023,1:23:47,PM,ROWS,7,Column,0,SBBBCBV
474,3/31/2023,1:23:47,PM,ROWS,7,Column,1,SBBBCBW
475,3/31/2023,1:23:47,PM,ROWS,7,Column,2,SBBBCBZ
476,3/31/2023,1:23:47,PM,ROWS,7,Column,3,SBBBCB0
477,3/31/2023,1:23:47,PM,ROWS,7,Column,4,SBBBCB1
478,3/31/2023,1:23:47,PM,ROWS,7,Column,5,SBBBCB2
479,3/31/2023,1:23:47,PM,ROWS,7,Column,6,SBBBCB3
480,3/31/2023,1:23:47,PM,ROWS,7,Column,7,SBBBCB4
481,3/31/2023,1:23:47,PM,ROWS,7,Column,8,SBBBCB5
482,3/31/2023,1:23:47,PM,ROWS,7,Column,9,SBBBCB6
483,3/31/2023,1:24:27,PM,ROWS,0,Column,0,SBBBCCL
484,3/31/2023,1:24:27,PM,ROWS,0,Column,1,SBBBCCM
485,3/31/2023,1:24:27,PM,ROWS,0,Column,2,SBBBCCN
486,3/31/2023,1:24:27,PM,ROWS,0,Column,3,SBBBCCP
487,3/31/2023,1:24:27,PM,ROWS,0,Column,4,SBBBCCR
488,3/31/2023,1:24:27,PM,ROWS,0,Column,5,SBBBCCS
489,3/31/2023,1:24:27,PM,ROWS,0,Column,6,SBBBCCT
490,3/31/2023,1:24:27,PM,ROWS,0,Column,7,SBBBCCV
491,3/31/2023,1:24:27,PM,ROWS,0,Column,8,SBBBCCW
492,3/31/2023,1:24:27,PM,ROWS,0,Column,9,SBBBCCZ
493,3/31/2023,1:24:27,PM,ROWS,1,Column,0,SBBBCC0
494,3/31/2023,1:24:27,PM,ROWS,1,Column,1,SBBBCC1
495,3/31/2023,1:24:27,PM,ROWS,1,Column,2,SBBBCC2
496,3/31/2023,1:24:27,PM,ROWS,1,Column,3,SBBBCC3
497,3/31/2023,1:24:27,PM,ROWS,1,Column,4,SBBBCC4
498,3/31/2023,1:24:27,PM,ROWS,1,Column,5,SBBBCC5
499,3/31/2023,1:24:27,PM,ROWS,1,Column,6,SBBBCC6
500,3/31/2023,1:24:27,PM,ROWS,1,Column,7,SBBBCC7
501,3/31/2023,1:24:27,PM,ROWS,1,Column,8,SBBBCC8
502,3/31/2023,1:24:27,PM,ROWS,1,Column,9,SBBBCC9
503,3/31/2023,1:24:27,PM,ROWS,2,Column,0,SBBBCDB
504,3/31/2023,1:24:27,PM,ROWS,2,Column,1,SBBBCDC
505,3/31/2023,1:24:27,PM,ROWS,2,Column,2,SBBBCDD
506,3/31/2023,1:24:27,PM,ROWS,2,Column,3,SBBBCDF
507,3/31/2023,1:24:27,PM,ROWS,2,Column,4,SBBBCDG
508,3/31/2023,1:24:27,PM,ROWS,2,Column,5,SBBBCDH
509,3/31/2023,1:24:27,PM,ROWS,2,Column,6,SBBBCDJ
510,3/31/2023,1:24:27,PM,ROWS,2,Column,7,SBBBCDK
511,3/31/2023,1:24:27,PM,ROWS,2,Column,8,SBBBCDL
512,3/31/2023,1:24:27,PM,ROWS,2,Column,9,SBBBCDM
513,3/31/2023,1:24:27,PM,ROWS,3,Column,0,SBBBCDN
514,3/31/2023,1:24:27,PM,ROWS,3,Column,1,SBBBCDP
515,3/31/2023,1:24:27,PM,ROWS,3,Column,2,SBBBCDR
516,3/31/2023,1:24:27,PM,ROWS,3,Column,3,SBBBCDS
517,3/31/2023,1:24:27,PM,ROWS,3,Column,4,SBBBCDT
518,3/31/2023,1:24:27,PM,ROWS,3,Column,5,SBBBCDV
519,3/31/2023,1:24:27,PM,ROWS,3,Column,6,SBBBCDW
520,3/31/2023,1:24:27,PM,ROWS,3,Column,7,SBBBCDZ
521,3/31/2023,1:24:27,PM,ROWS,3,Column,8,SBBBCD0
522,3/31/2023,1:24:27,PM,ROWS,3,Column,9,SBBBCD1
523,3/31/2023,1:24:27,PM,ROWS,4,Column,0,SBBBCD2
524,3/31/2023,1:24:27,PM,ROWS,4,Column,1,SBBBCD3
525,3/31/2023,1:24:27,PM,ROWS,4,Column,2,SBBBCD4
526,3/31/2023,1:24:27,PM,ROWS,4,Column,3,SBBBCD5
527,3/31/2023,1:24:27,PM,ROWS,4,Column,4,SBBBCD6
528,3/31/2023,1:24:27,PM,ROWS,4,Column,5,SBBBCD7
529,3/31/2023,1:24:27,PM,ROWS,4,Column,6,SBBBCD8
530,3/31/2023,1:24:27,PM,ROWS,4,Column,7,SBBBCD9
531,3/31/2023,1:24:27,PM,ROWS,4,Column,8,SBBBCFB
532,3/31/2023,1:24:27,PM,ROWS,4,Column,9,SBBBCFC
533,3/31/2023,1:24:27,PM,ROWS,5,Column,0,SBBBCFD
534,3/31/2023,1:24:27,PM,ROWS,5,Column,1,SBBBCFF
535,3/31/2023,1:24:27,PM,ROWS,5,Column,2,SBBBCFG
536,3/31/2023,1:24:27,PM,ROWS,5,Column,3,SBBBCFH
537,3/31/2023,1:24:27,PM,ROWS,5,Column,4,SBBBCFJ
538,3/31/2023,1:24:27,PM,ROWS,5,Column,5,SBBBCFK
539,3/31/2023,1:24:27,PM,ROWS,5,Column,6,SBBBCFL
540,3/31/2023,1:24:27,PM,ROWS,5,Column,7,SBBBCFM
541,3/31/2023,1:24:27,PM,ROWS,5,Column,8,SBBBCFN
542,3/31/2023,1:24:27,PM,ROWS,5,Column,9,SBBBCFP
543,3/31/2023,1:24:27,PM,ROWS,6,Column,0,SBBBCFR
544,3/31/2023,1:24:27,PM,ROWS,6,Column,1,SBBBCFS
545,3/31/2023,1:24:27,PM,ROWS,6,Column,2,SBBBCFT
546,3/31/2023,1:24:27,PM,ROWS,6,Column,3,SBBBCFV
547,3/31/2023,1:24:27,PM,ROWS,6,Column,4,SBBBCFW
548,3/31/2023,1:24:27,PM,ROWS,6,Column,5,SBBBCFZ
549,3/31/2023,1:24:27,PM,ROWS,6,Column,6,SBBBCF0
550,3/31/2023,1:24:27,PM,ROWS,6,Column,7,SBBBCF1
551,3/31/2023,1:24:27,PM,ROWS,6,Column,8,SBBBCF2
552,3/31/2023,1:24:27,PM,ROWS,6,Column,9,SBBBCF3
553,3/31/2023,1:24:27,PM,ROWS,7,Column,0,SBBBCF4
554,3/31/2023,1:24:27,PM,ROWS,7,Column,1,SBBBCF5
555,3/31/2023,1:24:27,PM,ROWS,7,Column,2,SBBBCF6
556,3/31/2023,1:24:27,PM,ROWS,7,Column,3,SBBBCF7
557,3/31/2023,1:24:27,PM,ROWS,7,Column,4,SBBBCF8
558,3/31/2023,1:24:27,PM,ROWS,7,Column,5,SBBBCF9
559,3/31/2023,1:24:27,PM,ROWS,7,Column,6,SBBBCGB
560,3/31/2023,1:24:27,PM,ROWS,7,Column,7,SBBBCGC
561,3/31/2023,1:24:27,PM,ROWS,7,Column,8,SBBBCGD
562,3/31/2023,1:24:27,PM,ROWS,7,Column,9,SBBBCGF
563,3/31/2023,1:25:07,PM,ROWS,0,Column,0,SBBBCGV
564,3/31/2023,1:25:07,PM,ROWS,0,Column,1,SBBBCGW
565,3/31/2023,1:25:07,PM,ROWS,0,Column,2,SBBBCGZ
566,3/31/2023,1:25:07,PM,ROWS,0,Column,3,SBBBCG0
567,3/31/2023,1:25:07,PM,ROWS,0,Column,4,SBBBCG1
568,3/31/2023,1:25:07,PM,ROWS,0,Column,5,SBBBCG2
569,3/31/2023,1:25:07,PM,ROWS,0,Column,6,SBBBCG3
570,3/31/2023,1:25:07,PM,ROWS,0,Column,7,SBBBCG4
571,3/31/2023,1:25:07,PM,ROWS,0,Column,8,SBBBCG5
572,3/31/2023,1:25:07,PM,ROWS,0,Column,9,SBBBCG6
573,3/31/2023,1:25:07,PM,ROWS,1,Column,0,SBBBCG7
574,3/31/2023,1:25:07,PM,ROWS,1,Column,1,SBBBCG8
575,3/31/2023,1:25:07,PM,ROWS,1,Column,2,SBBBCG9
576,3/31/2023,1:25:07,PM,ROWS,1,Column,3,SBBBCHB
577,3/31/2023,1:25:07,PM,ROWS,1,Column,4,SBBBCHC
578,3/31/2023,1:25:07,PM,ROWS,1,Column,5,SBBBCHD
579,3/31/2023,1:25:07,PM,ROWS,1,Column,6,SBBBCHF
580,3/31/2023,1:25:07,PM,ROWS,1,Column,7,SBBBCHG
581,3/31/2023,1:25:07,PM,ROWS,1,Column,8,SBBBCHH
582,3/31/2023,1:25:07,PM,ROWS,1,Column,9,SBBBCHJ
583,3/31/2023,1:25:07,PM,ROWS,2,Column,0,SBBBCHK
584,3/31/2023,1:25:07,PM,ROWS,2,Column,1,SBBBCHL
585,3/31/2023,1:25:07,PM,ROWS,2,Column,2,SBBBCHM
586,3/31/2023,1:25:07,PM,ROWS,2,Column,3,SBBBCHN
587,3/31/2023,1:25:07,PM,ROWS,2,Column,4,SBBBCHP
588,3/31/2023,1:25:07,PM,ROWS,2,Column,5,SBBBCHR
589,3/31/2023,1:25:07,PM,ROWS,2,Column,6,SBBBCHS
590,3/31/2023,1:25:07,PM,ROWS,2,Column,7,SBBBCHT
591,3/31/2023,1:25:07,PM,ROWS,2,Column,8,SBBBCHV
592,3/31/2023,1:25:07,PM,ROWS,2,Column,9,SBBBCHW
593,3/31/2023,1:25:07,PM,ROWS,3,Column,0,SBBBCHZ
594,3/31/2023,1:25:07,PM,ROWS,3,Column,1,SBBBCH0
595,3/31/2023,1:25:07,PM,ROWS,3,Column,2,SBBBCH1
596,3/31/2023,1:25:07,PM,ROWS,3,Column,3,SBBBCH2
597,3/31/2023,1:25:07,PM,ROWS,3,Column,4,SBBBCH3
598,3/31/2023,1:25:07,PM,ROWS,3,Column,5,SBBBCH4
599,3/31/2023,1:25:07,PM,ROWS,3,Column,6,SBBBCH5
600,3/31/2023,1:25:07,PM,ROWS,3,Column,7,SBBBCH6
601,3/31/2023,1:25:07,PM,ROWS,3,Column,8,SBBBCH7
602,3/31/2023,1:25:07,PM,ROWS,3,Column,9,SBBBCH8
603,3/31/2023,1:25:07,PM,ROWS,4,Column,0,SBBBCH9
604,3/31/2023,1:25:07,PM,ROWS,4,Column,1,SBBBCJB
605,3/31/2023,1:25:07,PM,ROWS,4,Column,2,SBBBCJC
606,3/31/2023,1:25:07,PM,ROWS,4,Column,3,SBBBCJD
607,3/31/2023,1:25:07,PM,ROWS,4,Column,4,SBBBCJF
608,3/31/2023,1:25:07,PM,ROWS,4,Column,5,SBBBCJG
609,3/31/2023,1:25:07,PM,ROWS,4,Column,6,SBBBCJH
610,3/31/2023,1:25:07,PM,ROWS,4,Column,7,SBBBCJJ
611,3/31/2023,1:25:07,PM,ROWS,4,Column,8,SBBBCJK
612,3/31/2023,1:25:07,PM,ROWS,4,Column,9,SBBBCJL
613,3/31/2023,1:25:07,PM,ROWS,5,Column,0,SBBBCJM
614,3/31/2023,1:25:07,PM,ROWS,5,Column,1,SBBBCJN
615,3/31/2023,1:25:07,PM,ROWS,5,Column,2,SBBBCJP
616,3/31/2023,1:25:07,PM,ROWS,5,Column,3,SBBBCJR
617,3/31/2023,1:25:07,PM,ROWS,5,Column,4,SBBBCJS
618,3/31/2023,1:25:07,PM,ROWS,5,Column,5,SBBBCJT
619,3/31/2023,1:25:07,PM,ROWS,5,Column,6,SBBBCJV
620,3/31/2023,1:25:07,PM,ROWS,5,Column,7,SBBBCJW
621,3/31/2023,1:25:07,PM,ROWS,5,Column,8,SBBBCJZ
622,3/31/2023,1:25:07,PM,ROWS,5,Column,9,SBBBCJ0
623,3/31/2023,1:25:07,PM,ROWS,6,Column,0,SBBBCJ1
624,3/31/2023,1:25:07,PM,ROWS,6,Column,1,SBBBCJ2
625,3/31/2023,1:25:07,PM,ROWS,6,Column,2,SBBBCJ3
626,3/31/2023,1:25:07,PM,ROWS,6,Column,3,SBBBCJ4
627,3/31/2023,1:25:07,PM,ROWS,6,Column,4,SBBBCJ5
628,3/31/2023,1:25:07,PM,ROWS,6,Column,5,SBBBCJ6
629,3/31/2023,1:25:07,PM,ROWS,6,Column,6,SBBBCJ7
630,3/31/2023,1:25:07,PM,ROWS,6,Column,7,SBBBCJ8
631,3/31/2023,1:25:07,PM,ROWS,6,Column,8,SBBBCJ9
632,3/31/2023,1:25:07,PM,ROWS,6,Column,9,SBBBCKB
633,3/31/2023,1:25:07,PM,ROWS,7,Column,0,SBBBCKC
634,3/31/2023,1:25:07,PM,ROWS,7,Column,1,SBBBCKD
635,3/31/2023,1:25:07,PM,ROWS,7,Column,2,SBBBCKF
636,3/31/2023,1:25:07,PM,ROWS,7,Column,3,SBBBCKG
637,3/31/2023,1:25:07,PM,ROWS,7,Column,4,SBBBCKH
638,3/31/2023,1:25:07,PM,ROWS,7,Column,5,SBBBCKJ
639,3/31/2023,1:25:07,PM,ROWS,7,Column,6,SBBBCKK
640,3/31/2023,1:25:07,PM,ROWS,7,Column,7,SBBBCKL
641,3/31/2023,1:25:07,PM,ROWS,7,Column,8,SBBBCKM
642,3/31/2023,1:25:07,PM,ROWS,7,Column,9,SBBBCKN
